ID,username,password,First_Name,Last_Name,Phone_No
1,johndoe,johndoe123,John,Doe,5551234
2,alicesmith,alicesmith456,Alice,Smith,5555678
3,bobjohnson,bobjohnson789,Bob,Johnson,5559876
4,sarahlee,sarahlee246,Sarah,Lee,5552468
5,michaelbrown,michaelbrown135,Michael,Brown,5551357
6,lisawilliams,lisawilliams864,Lisa,Williams,5558642
7,davidwang,davidwang432,David,Wang,5554321
8,emilyjones,emilyjones990,Emily,Jones,5557890
9,ryanwilson,ryanwilson100,Ryan,Wilson,5553141
10,olivertaylor,olivertaylor718,Oliver,Taylor,5552718
11,sophiamartin,sophiamartin162,Sophia,Martin,5557162
12,jameslee,jameslee139,James,Lee,5558293
13,emilyjohnson,emilyjohnson482,Emily,Johnson,5554682
14,chrisdavis,chrisdavis901,Chris,Davis,5559012
15,laurensmith,laurensmith469,Lauren,Smith,5552469
16,robertthomas,robertthomas381,Robert,Thomas,5553810
17,samanthamiller,samanthamiller572,Samantha,Miller,5555723
18,johnmiller,johnmiller935,John,Miller,5559357
19,graceharris,graceharris399,Grace,Harris,5557119
20,williammartinez,williammartinez242,William,Martinez,5552425
21,oliviascott,oliviascott319,Olivia,Scott,5553190
22,ryanhill,ryanhill803,Ryan,Hill,5556482
23,nataliegreen,nataliegreen820,Natalie,Green,5558203
24,christopherrobinson,christopherrobinson174,Christopher,Robinson,5554174
25,samanthawalker,samanthawalker619,Samantha,Walker,5558619
26,daniellejames,daniellejames725,Danielle,James,5551725
27,jacoballen,jacoballen258,Jacob,Allen,5555258
28,jennifermurphy,jennifermurphy948,Jennifer,Murphy,5559481
29,liamadams,liamadams283,Liam,Adams,5552836
30,emmawatson,emmawatson747,Emma,Watson,5557374
31,oliverroberts,oliverroberts715,Oliver,Roberts,5559715
32,averyrodriguez,averyrodriguez528,Avery,Rodriguez,5556528
33,loganbell,loganbell847,Logan,Bell,5551847
34,isabellajames,isabellajames367,Isabella,James,5555367
35,hannahwood,hannahwood874,Hannah,Wood,5552874
36,elijahfoster,elijahfoster198,Elijah,Foster,5556198
37,sophiathompson,sophiathompson402,Sophia,Thompson,5558402
38,ethansanchez,ethansanchez716,Ethan,Sanchez,5553716
39,miamorgan,miamorgan581,Mia,Morgan,5552581
40,jacksonrogers,jacksonrogers963,Jackson,Rogers,5551963
